{"count":1,"self":22.1868896,"total":126.73377199999999,"children":{"InitializeSensors":{"count":1,"self":0.0027429999999999998,"total":0.0027429999999999998,"children":null},"AgentSendState":{"count":12460,"self":0.32126499999999997,"total":1.572935,"children":{"CollectObservations":{"count":12460,"self":0.051377,"total":0.051377,"children":null},"CollectDiscreteActionMasks":{"count":12460,"self":0.050716,"total":0.050716,"children":null},"AgentInfo.ToProto":{"count":12460,"self":0.167323,"total":1.1495769999999998,"children":{"GenerateSensorData":{"count":12460,"self":0.982254,"total":0.982254,"children":null}}}}},"DecideAction":{"count":12460,"self":102.6225664,"total":102.62256699999999,"children":null},"AgentAct":{"count":12460,"self":0.344612,"total":0.344612,"children":null},"AgentInfo.ToProto":{"count":10,"self":0.00017099999999999998,"total":0.0017779999999999998,"children":{"GenerateSensorData":{"count":10,"self":0.001607,"total":0.001607,"children":null}}}},"gauges":{"My Behavior.CumulativeReward":{"count":10,"max":6.579937,"min":-326.432037,"runningAverage":-100.148628,"value":0.499897,"weightedAverage":-71.9832458}},"metadata":{"timer_format_version":"0.1.0","start_time_seconds":"1597575394","unity_version":"2018.4.24f1","command_line_arguments":"\/synology\/Connor\/git\/seed_rl\/unity\/envs\/ButtonGame\/ButtonGame.x86_64 --mlagents-port 5105","communication_protocol_version":"1.0.0","com.unity.ml-agents_version":"1.1.0-preview","scene_name":"KeyGame","end_time_seconds":"1597575521"}}